# NCERT prelims PDFs (<code>ps.pdf) for every primary book; script_* = share of letters by script over the whole PDF text layer
code	class	subject	title	url	status	bytes	sha256	lastModified	fetchedAt	pages	contentsPages	script_latin	script_devanagari	script_arabic	printedSession	firstEdition
aemr1	1	English	Mridang	https://ncert.nic.in/textbook/pdf/aemr1ps.pdf	200	6322092	2d1815dd2829dd5955d1362b9bf6f8b79bd2f5f6b7f9dab77c05535f00ce586f	Fri, 27 Mar 2026 04:53:30 GMT	2026-09-25T23:14:11+05:30	14	13,14	1.0	0.0	0.0	2026-27	May 2023
aejm1	1	Mathematics	Joyful-Mathematics (English)	https://ncert.nic.in/textbook/pdf/aejm1ps.pdf	200	7878625	ee12d6002641a43ea5499db1ea86b28cd8f25814102bb229886c4cc126a59895	Fri, 27 Mar 2026 04:54:02 GMT	2026-09-25T23:14:13+05:30	14	13	1.0	0.0	0.0	2026-27	May 2023
ahsr1	1	Hindi	Sarangi	https://ncert.nic.in/textbook/pdf/ahsr1ps.pdf	200	6265490	db9b07ca8a21c49a3785fc0a041ae68ff2c6a77fb1129efe46950b049f3441cb	Fri, 27 Mar 2026 04:53:06 GMT	2026-09-25T23:14:21+05:30	22		0.014	0.986	0.0	2026-27	
aush1	1	Urdu	Shahnai	https://ncert.nic.in/textbook/pdf/aush1ps.pdf	200	4496041	f3f59188bba3e90465ec5a50930d664c5291aa96d80392bc6ffebf2aa605a286	Tue, 01 Aug 2023 06:33:21 GMT	2026-09-25T23:14:11+05:30	14		1.0	0.0	0.0		
bejm1	2	Mathematics	Joyful-Mathematics (English)	https://ncert.nic.in/textbook/pdf/bejm1ps.pdf	200	3855895	3dfd634b51958dca6c3731ddbde180177ebf5729ed4a3daa56bb93353cd57988	Fri, 27 Mar 2026 05:12:46 GMT	2026-09-25T23:14:12+05:30	14	13	1.0	0.0	0.0	2026-27	May 2023
bhsr1	2	Hindi	Sarangi	https://ncert.nic.in/textbook/pdf/bhsr1ps.pdf	200	6689678	974c32d4dd1c3ccc23d99b7912ca1ad7dd8aabf73158fa634749cad85ad5bfd9	Fri, 27 Mar 2026 05:11:22 GMT	2026-09-25T23:14:14+05:30	20		0.008	0.992	0.0	2026-27	
bemr1	2	English	Mridang	https://ncert.nic.in/textbook/pdf/bemr1ps.pdf	200	2812044	bd8b09e5eec4502a47bcaa5b46a0e4cb3cee9643fd5e20918a8b72a496ac22ca	Fri, 27 Mar 2026 05:12:04 GMT	2026-09-25T23:14:13+05:30	14	13,14	1.0	0.0	0.0	2026-27	May 2023
bush1	2	Urdu	Shahnai	https://ncert.nic.in/textbook/pdf/bush1ps.pdf	200	4138975	a0f747edfa750c5ea45f83ea07586060a85e63ddcc0b526ec3ebdd0ca7e00633	Tue, 01 Aug 2023 06:58:25 GMT	2026-09-25T23:14:15+05:30	16		1.0	0.0	0.0		
cemm1	3	Mathematics	Maths Mela	https://ncert.nic.in/textbook/pdf/cemm1ps.pdf	200	7201002	3ed7e999560e77434fccccf3ad15ec1efc1b0675ee3ffde47f1e9755bcf2c6e7	Mon, 06 Jul 2026 07:07:06 GMT	2026-09-25T23:14:15+05:30	16	15	1.0	0.0	0.0	2026-27	April 2024
cesa1	3	English	Santoor	https://ncert.nic.in/textbook/pdf/cesa1ps.pdf	200	1956951	6b0ce2a24327c9fad6acd997b38a12ce4bff961e729856133c4474656b424816	Fri, 27 Mar 2026 05:25:26 GMT	2026-09-25T23:14:15+05:30	16	15	1.0	0.0	0.0	2026-27	April 2024
chve1	3	Hindi	Veena	https://ncert.nic.in/textbook/pdf/chve1ps.pdf	200	5004139	fc68cb968cc3b2e17908e373a39702ef48e8e1bce60fa189e51d26690d275923	Fri, 27 Mar 2026 05:19:54 GMT	2026-09-25T23:14:17+05:30	18		0.009	0.991	0.0	2026-27	
ceev1	3	The World Around Us	Our Wondrous World	https://ncert.nic.in/textbook/pdf/ceev1ps.pdf	200	8216668	b2bfeab4f62f74981984bf75f2c086366cf13e91191f0affc13e2b0115402093	Fri, 27 Mar 2026 05:27:03 GMT	2026-09-25T23:14:17+05:30	16	15	1.0	0.0	0.0	2026-27	June 2024
cebu1	3	Arts	Bansuri - I	https://ncert.nic.in/textbook/pdf/cebu1ps.pdf	200	3370480	cf9ab0ba057fad69f53a7c94918f7d4a60ae5ad507f2b7592cca3c5921bf6b6b	Mon, 06 Jul 2026 07:03:14 GMT	2026-09-25T23:14:16+05:30	18	17,18	1.0	0.0	0.0	2026-27	June 2024
ceky1	3	Physical Education and Well Being	Khel Yoga	https://ncert.nic.in/textbook/pdf/ceky1ps.pdf	200	2232191	c5cf973cac85d11cde7ba97a1fed48088fa3e854ff74167a4136c232de2cf940	Fri, 27 Mar 2026 05:34:34 GMT	2026-09-25T23:14:17+05:30	18	17	1.0	0.0	0.0	2026-27	June 2024
cust1	3	Urdu	Sitar	https://ncert.nic.in/textbook/pdf/cust1ps.pdf	200	3734617	46f189d0951fce691f100fa318176094a9a13a3a97832834dc8fdcf88026b244	Wed, 11 Mar 2026 04:36:06 GMT	2026-09-25T23:14:18+05:30	14		0.01	0.0	0.99		
demm1	4	Mathematics	Math-Mela	https://ncert.nic.in/textbook/pdf/demm1ps.pdf	200	2913002	ea174ec4e11d982fe2e0ff17283afb793cbb2d86b80163a2a0ce12f314ebd79a	Fri, 27 Mar 2026 04:50:43 GMT	2026-09-25T23:14:18+05:30	16	15	1.0	0.0	0.0	2026-27	March 2025
dhve1	4	Hindi	Veena	https://ncert.nic.in/textbook/pdf/dhve1ps.pdf	200	3061671	f1a68449c799791b09eecfbd338de33a64335e9672b7992616b8cd4c55ff3666	Fri, 27 Mar 2026 04:47:49 GMT	2026-09-25T23:14:19+05:30	20		0.05	0.95	0.0	2026-27	
desa1	4	English	Santoor	https://ncert.nic.in/textbook/pdf/desa1ps.pdf	200	9151946	dcc53d6bd7d2f0e2b1ef1722e8b8abb087ce9f178aa2bd29c4c4ff1d0e0aa654	Thu, 23 Jul 2026 10:39:50 GMT	2026-09-25T23:14:20+05:30	16	15	1.0	0.0	0.0	2026-27	March 2025
deev1	4	The World Around Us	Our Wonderous World	https://ncert.nic.in/textbook/pdf/deev1ps.pdf	200	8967069	7be7e6f6a7c2d1ad3e59f23046bb59807685963179c4d9ce06a0be92f41c56eb	Fri, 27 Mar 2026 04:53:52 GMT	2026-09-25T23:14:21+05:30	16	15	1.0	0.0	0.0	2026-27	March 2025
debu1	4	Arts	Bansuri	https://ncert.nic.in/textbook/pdf/debu1ps.pdf	200	4316223	006ba0fb32b4db0e882a81240f4888386f47d90279de26beb6ff4beb20b0eadf	Fri, 27 Mar 2026 04:55:56 GMT	2026-09-25T23:14:21+05:30	24	22,23	1.0	0.0	0.0	2026-27	March 2025
deky1	4	Physical Education and Well Being	Khel Yoga	https://ncert.nic.in/textbook/pdf/deky1ps.pdf	200	3056929	55cb8b1cc667a1fba560d719990e72af95f6ce0c543a5008de8fcd7a7a65f8c5	Fri, 27 Mar 2026 04:58:13 GMT	2026-09-25T23:14:21+05:30	18	17	1.0	0.0	0.0	2026-27	March 2025
dust1	4	Urdu	Sitaar	https://ncert.nic.in/textbook/pdf/dust1ps.pdf	200	1938467	2470b087a65ce672b38fba1633585c9c3948c079997c7bdebf0c71a021be1ef1	Wed, 11 Mar 2026 05:09:29 GMT	2026-09-25T23:14:22+05:30	12		0.009	0.0	0.991		
eemm1	5	Mathematics	Math-Mela	https://ncert.nic.in/textbook/pdf/eemm1ps.pdf	200	2347315	c6d079f9c13d249b8252e76141a19eaa824c2e9011d77b14af54ed0a8a8c0845	Tue, 24 Mar 2026 05:16:21 GMT	2026-09-25T23:14:23+05:30	16	15	1.0	0.0	0.0	2026-27	June 2025
ehve1	5	Hindi	Veena	https://ncert.nic.in/textbook/pdf/ehve1ps.pdf	200	6411262	c3c5bbafb6d52df9c367a77ad4b95924e16f939c528ae42d309bbc2cf80f3d47	Tue, 24 Mar 2026 05:18:06 GMT	2026-09-25T23:14:23+05:30	20		0.051	0.949	0.0	2026-27	
eesa1	5	English	Santoor	https://ncert.nic.in/textbook/pdf/eesa1ps.pdf	200	4469179	7ecaefaa0ed0ada410282fa18ab5a944b8e818cbc897993404cc4924a2682e5d	Tue, 24 Mar 2026 05:17:27 GMT	2026-09-25T23:14:23+05:30	16	15	1.0	0.0	0.0	2026-27	June 2025
eeev1	5	The World Around Us	Our Wonderous World	https://ncert.nic.in/textbook/pdf/eeev1ps.pdf	200	2914002	d53885920c708eec72ef340bfb554504edd99a4c927f625192d9e8d1bd386a7a	Tue, 24 Mar 2026 05:15:36 GMT	2026-09-25T23:14:26+05:30	16	15	1.0	0.0	0.0	2026-27	July 2025
eebu1	5	Arts	Bansuri	https://ncert.nic.in/textbook/pdf/eebu1ps.pdf	200	4398747	4d28edbd94825ea19066a7c63ff3a408675d70a29190a50035827523f08d2e35	Tue, 24 Mar 2026 05:15:02 GMT	2026-09-25T23:14:24+05:30	24	23,24	1.0	0.0	0.0	2026-27	June 2025
eeky1	5	Physical Education and Well Being	Khel Yoga	https://ncert.nic.in/textbook/pdf/eeky1ps.pdf	200	4562078	fea08713c31003e1c57f0813e1551d67cce63a7883e99c5029879000db9d9c17	Mon, 06 Jul 2026 07:12:10 GMT	2026-09-25T23:14:24+05:30	18	17	1.0	0.0	0.0	2026-27	July 2025
eust1	5	Urdu	Sitaar	https://ncert.nic.in/textbook/pdf/eust1ps.pdf	200	5168435	ab5e2f4f2a90ae90e4dd13a893e4791d2f9de0f284438e99780351d0dc091af6	Wed, 11 Mar 2026 05:46:53 GMT	2026-09-25T23:14:26+05:30	14		0.011	0.0	0.989		
fhml1	6	Hindi	Malhar	https://ncert.nic.in/textbook/pdf/fhml1ps.pdf	200	5640282	574f0e38c3af62bf911487b020ee2e2aedae7c4deb45525c46a212189ac6a80a	Fri, 27 Mar 2026 06:04:08 GMT	2026-09-25T23:14:26+05:30	20	19	0.009	0.991	0.0	2026-27	
fepr1	6	English	Poorvi	https://ncert.nic.in/textbook/pdf/fepr1ps.pdf	200	3204162	3d7e131cd2b57f4f3fb689baab049ebe89ec7f279ad936a9e5b51f3a1f7f5987	Fri, 27 Mar 2026 06:05:36 GMT	2026-09-25T23:14:26+05:30	16	15	1.0	0.0	0.0	2026-27	June 2024
fegp1	6	Mathematics	Ganita Prakash	https://ncert.nic.in/textbook/pdf/fegp1ps.pdf	200	2983798	902147cff853df0023b4e13293711573562bf42abf91253e5045e877c76d51df	Tue, 07 Apr 2026 12:07:10 GMT	2026-09-25T23:14:27+05:30	20	19	1.0	0.0	0.0	2026-27	August 2024
fees1	6	Social Science	Exploring Society India and Beyond	https://ncert.nic.in/textbook/pdf/fees1ps.pdf	200	23733031	7605e63efa73bf1748d866c843217473b1a4826f39309525540a3a058bd6e310	Mon, 06 Jul 2026 11:36:00 GMT	2026-09-25T23:14:34+05:30	20	19	0.997	0.003	0.0		June 2024
fsde1	6	Sanskrit	Deepakam	https://ncert.nic.in/textbook/pdf/fsde1ps.pdf	200	7582535	aa2b1fdf93332ee877e46dac9a922e775f9012f4bac6003c7720440c9bd56eb4	Mon, 17 Aug 2026 09:49:54 GMT	2026-09-25T23:14:32+05:30	16		0.014	0.986	0.0	2026-27	
fecu1	6	Science	Curiosity	https://ncert.nic.in/textbook/pdf/fecu1ps.pdf	200	3089282	0f143518474320c83059c0ca2036cf292e7a3f8a460c1c1c22719de193a0a058	Fri, 27 Mar 2026 06:07:48 GMT	2026-09-25T23:14:27+05:30	18	17	1.0	0.0	0.0	2026-27	July 2024
fekr1	6	Arts	Kriti-I	https://ncert.nic.in/textbook/pdf/fekr1ps.pdf	200	4475925	7423e67a3a0f112808c3c196619ac7d4efd738419e8d695e85e31c1afb49dc34	Mon, 06 Jul 2026 11:39:16 GMT	2026-09-25T23:14:31+05:30	20	19,20	0.997	0.003	0.0	2026-27	July 2024
feky1	6	Physical Education and Well Being	Khel Yatra	https://ncert.nic.in/textbook/pdf/feky1ps.pdf	200	4171050	0dde749cc887f4de800fb9a6d8706ca3e916929addc35d5e5cc6cee7af40c021	Fri, 07 Aug 2026 06:36:38 GMT	2026-09-25T23:14:29+05:30	22	19,20,21	1.0	0.0	0.0	2026-27	July 2024
fekb1	6	Vocational Education	Kaushal Bodh	https://ncert.nic.in/textbook/pdf/fekb1ps.pdf	200	3707704	df6eb7c2532ee37b7013e0554a80462affb7010b23b1330186fa8158684ed015	Fri, 27 Mar 2026 06:23:40 GMT	2026-09-25T23:14:30+05:30	28	27	1.0	0.0	0.0	2026-27	July 2024
fuky1	6	Urdu	Khayal	https://ncert.nic.in/textbook/pdf/fuky1ps.pdf	200	13009822	98a0be3e275bf6a0598463e65645276d85ab7533a243471df7b228253778eb8e	Mon, 07 Jul 2025 13:32:38 GMT	2026-09-25T23:14:32+05:30	15		0.005	0.0	0.995		
ghml1	7	Hindi	Malhar	https://ncert.nic.in/textbook/pdf/ghml1ps.pdf	200	8335716	b5fa4a3f3ecb398aa808c277699398d7f9d4f8877fc934774629992cb64fa6c7	Fri, 27 Mar 2026 08:26:56 GMT	2026-09-25T23:14:34+05:30	18		0.052	0.948	0.0	2026-27	
gepr1	7	English	Poorvi	https://ncert.nic.in/textbook/pdf/gepr1ps.pdf	200	4291509	5b6cb1c3f32fff05153c1f1e36cf7afd6e0c5823d09eb68144588f887da5db16	Fri, 27 Mar 2026 08:28:52 GMT	2026-09-25T23:14:35+05:30	14	13	1.0	0.0	0.0	2026-27	March 2025
gegp1	7	Mathematics	Ganita Prakash	https://ncert.nic.in/textbook/pdf/gegp1ps.pdf	200	2727751	d05d0fe3524eaa7727683387787f04c84f3d444e9f6b4b44819b97a6ee023d2c	Tue, 07 Apr 2026 11:43:15 GMT	2026-09-25T23:14:34+05:30	18	17	1.0	0.0	0.0	2026-27	April 2025
gegp2	7	Mathematics	Ganita Prakash-II	https://ncert.nic.in/textbook/pdf/gegp2ps.pdf	200	2830369	59a3b897ce08f71605805ee73ecbfeef126a930bc0d9a3716d15e9dcf2c430aa	Sat, 08 Nov 2025 08:11:36 GMT	2026-09-25T23:14:35+05:30	18	17	1.0	0.0	0.0		October 2025
gees1	7	Social Science	Exploring Society India and Beyond Part-I	https://ncert.nic.in/textbook/pdf/gees1ps.pdf	200	16408301	7701947726d2dcc9890bce3e36669cd8388fe5bea2cf3cd55082b2a409fdb7da	Tue, 21 Jul 2026 09:22:41 GMT	2026-09-25T23:14:40+05:30	22	21	0.998	0.002	0.0	2026-27	April 2025
gees2	7	Social Science	Exploring Society India and Beyond Part-II	https://ncert.nic.in/textbook/pdf/gees2ps.pdf	200	12045380	f673f0474ebf9d8f5b383ef255ef5630ff967a67db30204bc20e84fe5121ed16	Mon, 06 Jul 2026 11:40:38 GMT	2026-09-25T23:14:46+05:30	16	15	0.997	0.003	0.0	2026-27	November 2025
gsde1	7	Sanskrit	Deepakam	https://ncert.nic.in/textbook/pdf/gsde1ps.pdf	200	5978661	1e3583cf024e43c349c0569bac6373c254f76a8482a03f42feca5c94de260e3d	Mon, 17 Aug 2026 09:49:24 GMT	2026-09-25T23:14:37+05:30	14		0.011	0.989	0.0	2026-27	
gecu1	7	Science	Curiosity	https://ncert.nic.in/textbook/pdf/gecu1ps.pdf	200	4268625	1c3d49d5609cf52ac4c007bd42d0810d2449f08cb8870c535f8fe6246811b56d	Fri, 27 Mar 2026 08:32:44 GMT	2026-09-25T23:14:37+05:30	20	19	1.0	0.0	0.0	2026-27	April 2025
gekr1	7	Arts	Kriti	https://ncert.nic.in/textbook/pdf/gekr1ps.pdf	200	8805716	c79ef5ec350d6ef57d02be417f88b6dc546241930aa80f8726d58b03d126f8d5	Fri, 27 Mar 2026 08:41:50 GMT	2026-09-25T23:14:38+05:30	20	19,20	1.0	0.0	0.0	2026-27	April 2025
geky1	7	Physical Education and Well Being	Khel Yatra	https://ncert.nic.in/textbook/pdf/geky1ps.pdf	200	4143560	15a037c5ecc2e5ce78072482c3e35857f59413ac60b33e19c9967d31ea01223c	Fri, 27 Mar 2026 08:49:44 GMT	2026-09-25T23:14:39+05:30	22	19,20,21	1.0	0.0	0.0	2026-27	March 2025
gekb1	7	Vocational Education	Kaushal Bodh	https://ncert.nic.in/textbook/pdf/gekb1ps.pdf	200	3291602	88e6f1ff7ef701f6012d1b3dca78368db0edbbcc370a825a7b150b7f9dd7c9a6	Fri, 27 Mar 2026 08:47:08 GMT	2026-09-25T23:14:39+05:30	22	21	1.0	0.0	0.0	2026-27	March 2025
guky1	7	Urdu	Khayal	https://ncert.nic.in/textbook/pdf/guky1ps.pdf	200	4967016	42c3341f9486d34f1ec2f180772b7f4a64e5b8214b6b54d643385f9bd4cbac1f	Mon, 07 Jul 2025 16:15:36 GMT	2026-09-25T23:14:40+05:30	16		0.008	0.0	0.992		
hhml1	8	Hindi	Malhar	https://ncert.nic.in/textbook/pdf/hhml1ps.pdf	200	4613258	d1ca0c96d5346847622e6b7ec3439413d4ced74091d16a4b75512868b37254e7	Fri, 27 Mar 2026 09:31:36 GMT	2026-09-25T23:14:41+05:30	18		0.007	0.993	0.0	2026-27	
hepr1	8	English	Poorvi	https://ncert.nic.in/textbook/pdf/hepr1ps.pdf	200	3789780	7de9daed93e47bcaeb7209e55699a1116a602b3bca39d71744e270f8da5dc2bf	Fri, 27 Mar 2026 09:29:22 GMT	2026-09-25T23:14:41+05:30	16	15	1.0	0.0	0.0	2026-27	May 2025
hegp1	8	Mathematics	Ganita Prakash Part-I	https://ncert.nic.in/textbook/pdf/hegp1ps.pdf	200	2847866	e08bdb82e719ba12a1b2482c94629a4f35df91852539b4413f2a26e9eaab3dfd	Fri, 15 May 2026 12:21:44 GMT	2026-09-25T23:14:41+05:30	16	15	1.0	0.0	0.0	2026-27	July 2025
hegp2	8	Mathematics	Ganita Prakash Part-II	https://ncert.nic.in/textbook/pdf/hegp2ps.pdf	200	5503192	c5f4d86252edb391401831f279ab5f2065ecb2f2d0631607aa4044e5a0d74cc8	Mon, 29 Dec 2025 11:18:09 GMT	2026-09-25T23:14:43+05:30	16	15	1.0	0.0	0.0		December 2025
hees1	8	Social Science	Exploring Society India and Beyond Part-I	https://ncert.nic.in/textbook/pdf/hees1ps.pdf	200	9116051	70408aa655e5273cc98dc717bce61290d06313b12136d89b932c985dc3f1248b	Mon, 06 Jul 2026 11:40:50 GMT	2026-09-25T23:14:43+05:30	22	21	0.998	0.002	0.0	2026-27	July 2025
hees2	8	Social Science	Exploring Society India and Beyond Part-II	https://ncert.nic.in/textbook/pdf/hees2ps.pdf	200	6887941	a15fbefbd6b55383b7b7a0cd2731c3ccedf7bd7584efafe2640ecfc48aa380ad	Tue, 21 Jul 2026 09:46:37 GMT	2026-09-25T23:14:46+05:30	18	17	0.997	0.003	0.0		June 2026
hsde1	8	Sanskrit	Deepakam	https://ncert.nic.in/textbook/pdf/hsde1ps.pdf	200	8895531	7741674f9f7ff276a2105e755564905127a24f9a4a0555fa8045122b155f4256	Mon, 24 Aug 2026 05:31:20 GMT	2026-09-25T23:14:46+05:30	16		0.014	0.986	0.0	2026-27	
hecu1	8	Science	Curiosity	https://ncert.nic.in/textbook/pdf/hecu1ps.pdf	200	3676711	cf752771b28a3328bf37ec768907ed0f46d2a2507a77803222b435c651830955	Fri, 27 Mar 2026 09:27:34 GMT	2026-09-25T23:14:45+05:30	20	19	1.0	0.0	0.0	2026-27	June 2025
hekr1	8	Arts	Kriti	https://ncert.nic.in/textbook/pdf/hekr1ps.pdf	200	7151958	8d2caabe2d7a4480de8755105eb625d89934af2466bfad791361fcf0bf70d8db	Fri, 27 Mar 2026 09:12:10 GMT	2026-09-25T23:14:47+05:30	18	17,18	1.0	0.0	0.0	2026-27	June 2025
heky1	8	Physical Education and Well Being	Khel Yatra	https://ncert.nic.in/textbook/pdf/heky1ps.pdf	200	44160274	235f9a9ef5539bd4a8aba8e9c57c9ad0ca3bb3b99de7d4bcd0786aaa0944e7d8	Fri, 27 Mar 2026 08:52:00 GMT	2026-09-25T23:15:18+05:30	20	17,18,19	1.0	0.0	0.0	2026-27	July 2025
hekb1	8	Vocational Education	Kaushal Bodh	https://ncert.nic.in/textbook/pdf/hekb1ps.pdf	200	3651030	7ec96a4d04bac3ff393301145146d2911eafc633733828ea369c92b4a3933b77	Fri, 27 Mar 2026 08:39:58 GMT	2026-09-25T23:14:49+05:30	22	21	1.0	0.0	0.0	2026-27	June 2025
hukl1	8	Urdu	Khayal	https://ncert.nic.in/textbook/pdf/hukl1ps.pdf	200	4817987	c446e32116dd54478fc84ef2652bfffaf3b1b53770c0cd5378a7d4d4ef212b0d	Wed, 23 Jul 2025 11:51:04 GMT	2026-09-25T23:14:49+05:30	16		0.009	0.0	0.991		
iebe1	9	English	Kaveri	https://ncert.nic.in/textbook/pdf/iebe1ps.pdf	200	4754203	bacfd4a9157aaf4c3f639fa577365657fadd4b28e67f4bf01e6a4a06d7ac7b08	Wed, 22 Apr 2026 13:12:16 GMT	2026-09-25T23:14:49+05:30	18	17	1.0	0.0	0.0		January 2026
ihga1	9	Hindi	Ganga	https://ncert.nic.in/textbook/pdf/ihga1ps.pdf	200	3658595	dd0ffc29120c850955aab67b22d51ea84442ff32ceeab837df4ccd66ff403867	Fri, 24 Apr 2026 06:59:54 GMT	2026-09-25T23:14:50+05:30	18	17	0.043	0.957	0.0		
ihsh1	9	Sanskrit	Sharada	https://ncert.nic.in/textbook/pdf/ihsh1ps.pdf	200	10565167	9a5024a6f65107f4fc1343d97405b3dd8fcf0bbdf7ae53ae751d59ad26de8dbf	Mon, 17 Aug 2026 09:47:42 GMT	2026-09-25T23:14:53+05:30	18		0.139	0.861	0.0		
isanskritr21	9	Sanskrit	Risikulya(R2)	https://ncert.nic.in/textbook/pdf/isanskritr21ps.pdf	200	12224377	dd038f308877fce7b15da2f0339ce05ebeac37d740c8e8179572707e9d4ca76b	Fri, 07 Aug 2026 11:49:56 GMT	2026-09-25T23:15:00+05:30	12		0.005	0.995	0.0		
iemh1	9	Mathematics	Ganita Manjari	https://ncert.nic.in/textbook/pdf/iemh1ps.pdf	200	2787821	e2e2f01f4ccba8fd5d9dbe7a48af89d882e3518e4e889ca139805b76cf43aca9	Wed, 22 Apr 2026 13:17:24 GMT	2026-09-25T23:14:51+05:30	20	19	0.997	0.003	0.0		April 2026
iesc1	9	Science	Exploration	https://ncert.nic.in/textbook/pdf/iesc1ps.pdf	200	9506968	6dfb484cc05eeea3886bd4db603b81e19c6b5e146d4a77a9a60a55cf12b2cdee	Wed, 13 May 2026 05:18:13 GMT	2026-09-25T23:14:53+05:30	20	19	1.0	0.0	0.0		April 2026
iest1	9	Social Science	Understanding Society India and Beyond PART-I	https://ncert.nic.in/textbook/pdf/iest1ps.pdf	200	11838106	513a4c83675e10755e784e09728ae171b38826a6aee6cdb48f460cbec95ae25e	Sat, 18 Jul 2026 09:49:34 GMT	2026-09-25T23:14:58+05:30	24	23	0.993	0.007	0.0		June 2026
iemr1	9	Arts	Madhurima	https://ncert.nic.in/textbook/pdf/iemr1ps.pdf	200	2996680	7b2b5a7a1041779b09aea3a06e2fa4abbd9030e66c59942e3d0c2639b1c61463	Tue, 16 Jun 2026 03:30:59 GMT	2026-09-25T23:14:55+05:30	18	17	0.997	0.003	0.0		April 2026
iuju1	9	Urdu	Jamuna	https://ncert.nic.in/textbook/pdf/iuju1ps.pdf	200	17089081	1e932b086219e4f1dddd3a08c83c4fbb0d421b89ecd3c7879f991d184f19c166	Fri, 24 Apr 2026 07:02:46 GMT	2026-09-25T23:14:58+05:30	16		0.011	0.0	0.989		
iehp1	9	Physical Education and Well Being	Khel Praveen	https://ncert.nic.in/textbook/pdf/iehp1ps.pdf	200	4695012	5c9beb28bd8d5b19c3d2c3dbe4ac0ede6de906e6215b9759ec8423900ebce292	Mon, 11 May 2026 09:34:37 GMT	2026-09-25T23:14:59+05:30	20	19,20	1.0	0.0	0.0		April 2026
iekv1	9	Skill Education	Kaushal Vikas	https://ncert.nic.in/textbook/pdf/iekv1ps.pdf	200	7855061	4ed2a96fffe74f6d7b3b3eba41470ce14211106a1ff0cfe9df1f457d48292617	Wed, 13 May 2026 05:33:16 GMT	2026-09-25T23:15:01+05:30	28	27	1.0	0.0	0.0		April 2026
jemh1	10	Mathematics	Mathematics	https://ncert.nic.in/textbook/pdf/jemh1ps.pdf	200	1969484	62867d1b27b42e110948ee1301446a15e89ed386e04bb5b29dc6e301fa679f94	Tue, 24 Mar 2026 06:38:09 GMT	2026-09-25T23:15:00+05:30	14	11,12,13	1.0	0.0	0.0	2026-27	December 2006
jesc1	10	Science	Science	https://ncert.nic.in/textbook/pdf/jesc1ps.pdf	200	3429027	cf2a2afb28bd01b4518dbd7e9517b8a9b4a85c989bf3a047cd96d1a8408fdcb0	Tue, 24 Mar 2026 06:39:00 GMT	2026-09-25T23:15:01+05:30	12	11	1.0	0.0	0.0	2026-27	December 2006
jhks1	10	Hindi	Kshitij-2	https://ncert.nic.in/textbook/pdf/jhks1ps.pdf	200	2154067	0b2da8e54e52d0261a3ace0675ecacc712b213673dbd770b1b6773a5ba24b2d6	Mon, 06 Jul 2026 11:05:16 GMT	2026-09-25T23:15:01+05:30	14		1.0	0.0	0.0	2026-27	
jhsp1	10	Hindi	Sparsh	https://ncert.nic.in/textbook/pdf/jhsp1ps.pdf	200	1872908	7b02d35bd5272afb76ccb1ac9de9e296ddb6bfe09106172b40114568c0455467	Tue, 24 Mar 2026 06:33:37 GMT	2026-09-25T23:15:02+05:30	16		1.0	0.0	0.0	2026-27	
jhsy1	10	Hindi	Sanchayan Bhag-2	https://ncert.nic.in/textbook/pdf/jhsy1ps.pdf	200	1617413	5c9c3ff7c3531dedbbaad9f476913bdf3320728d1feb1a8d1d2178ea7b3c9aa7	Tue, 24 Mar 2026 06:34:29 GMT	2026-09-25T23:15:02+05:30	12		1.0	0.0	0.0	2026-27	
jhkr1	10	Hindi	Kritika	https://ncert.nic.in/textbook/pdf/jhkr1ps.pdf	200	1434750	c15911f0061ffa617714953c0ea3d75ed9928d6ac5209b97e9ef4a87a743586f	Tue, 24 Mar 2026 06:48:14 GMT	2026-09-25T23:15:02+05:30	14		1.0	0.0	0.0	2026-27	
jess1	10	Social Science	Contemporary India	https://ncert.nic.in/textbook/pdf/jess1ps.pdf	200	1563608	49863325d9e0be6339eccbbd1a8604dd1e7ef3c3f3d6d279d42449da68296eca	Mon, 06 Jul 2026 11:05:18 GMT	2026-09-25T23:15:03+05:30	12	11	1.0	0.0	0.0	2026-27	January 2006
jess2	10	Social Science	Understanding Economic Development	https://ncert.nic.in/textbook/pdf/jess2ps.pdf	200	1886551	40b5dcd81c747ecd1030a7bd28105963a7e13a5da615e5a37ab1e9d1101039da	Fri, 28 Aug 2026 07:27:20 GMT	2026-09-25T23:15:03+05:30	13	13	1.0	0.0	0.0	2026-27	December 2006
jess3	10	Social Science	India and the Contemporary World-II	https://ncert.nic.in/textbook/pdf/jess3ps.pdf	200	1952381	d871b4c8c86ca614afc8d5b222bec05f7cef1dad27d3722bec0975583c911598	Fri, 27 Mar 2026 09:59:56 GMT	2026-09-25T23:15:04+05:30	12	11	1.0	0.0	0.0	2026-27	March 2007
jess4	10	Social Science	Democratic Politics	https://ncert.nic.in/textbook/pdf/jess4ps.pdf	200	2115669	c4808f2cde54910812bc324560f62149654caa4bda282c64b3965451905ff22f	Fri, 27 Mar 2026 10:04:22 GMT	2026-09-25T23:15:04+05:30	14	13	1.0	0.0	0.0	2026-27	March 2007
jeff1	10	English	First Flight	https://ncert.nic.in/textbook/pdf/jeff1ps.pdf	200	1516355	665f92ea88ea7994549e277eafb8e779adcbd06b61e2c13f38e17f45f834858f	Tue, 24 Mar 2026 06:34:54 GMT	2026-09-25T23:15:04+05:30	12	11,12	1.0	0.0	0.0	2026-27	February 2007
jefp1	10	English	Foot Prints Without feet Supp. Reader	https://ncert.nic.in/textbook/pdf/jefp1ps.pdf	200	1925309	1de1447d9bb70a099be730375daae47fa21ccbc18eba52885c4f142d8987f182	Tue, 24 Mar 2026 06:35:18 GMT	2026-09-25T23:15:05+05:30	14	13	1.0	0.0	0.0	2026-27	April 2007
jewe2	10	English	Words and Expressions  2	https://ncert.nic.in/textbook/pdf/jewe2ps.pdf	200	2123341	d4c3b119f47dab2a81efa928b079ec8940ce600348c65bec521af22df3505d05	Fri, 27 Mar 2026 10:06:11 GMT	2026-09-25T23:15:08+05:30	14	13	1.0	0.0	0.0	2026-27	June 2019
jhsk1	10	Sanskrit	Shemushi	https://ncert.nic.in/textbook/pdf/jhsk1ps.pdf	200	2457029	a5684b72ea676aba18f3362118587d2b7232ee9d48a2f5ae434f56b25ce38683	Tue, 24 Mar 2026 06:36:13 GMT	2026-09-25T23:15:05+05:30	18		1.0	0.0	0.0	2026-27	
jhva1	10	Sanskrit	Vyakaranavithi	https://ncert.nic.in/textbook/pdf/jhva1ps.pdf	200	1980298	389b4b82b13b49247503b31551cab5da51f0ed45b2287462531602d06b74d611	Tue, 24 Mar 2026 06:31:43 GMT	2026-09-25T23:15:05+05:30	14	13	0.013	0.987	0.0	2026-27	
jsab1	10	Sanskrit	Abhyaswaan Bhav-II	https://ncert.nic.in/textbook/pdf/jsab1ps.pdf	200	1597414	221dc94e577234c890132ae48e9ff16ed1e7fb0c9287e1b6d41741c629e356d2	Fri, 27 Mar 2026 10:05:45 GMT	2026-09-25T23:15:06+05:30	10		0.217	0.783	0.0	2026-27	
juge1	10	Urdu	Gulzar-e-Urdu	https://ncert.nic.in/textbook/pdf/juge1ps.pdf	200	3219293	d242715beebac7b567857838d12537c83d25f5a7ce2f9e908cc7236276bb14cf	Sun, 05 Jul 2020 10:28:03 GMT	2026-09-25T23:15:06+05:30	12		1.0	0.0	0.0		
june1	10	Urdu	Nawa-e-Urdu	https://ncert.nic.in/textbook/pdf/june1ps.pdf	200	3033075	9eaec28e5b007db9eef1319c5564f7f60f414a256ec3453384dae8e0eec3932c	Tue, 21 May 2019 04:36:16 GMT	2026-09-25T23:15:08+05:30	12		1.0	0.0	0.0		
jujp1	10	Urdu	Jaan Pahechan	https://ncert.nic.in/textbook/pdf/jujp1ps.pdf	200	3158543	7dd3f3e4eab3c52a04619939e3ab2f16e7bc31cb06686548b13bcceb0f762976	Sun, 05 Jul 2020 10:28:06 GMT	2026-09-25T23:15:07+05:30	12		1.0	0.0	0.0		
judp1	10	Urdu	Door-Paas	https://ncert.nic.in/textbook/pdf/judp1ps.pdf	200	3105756	b38c5819ded4654466ff80fa96c7798b55367cdafeaa62d3c6234ef4888eb77d	Sun, 05 Jul 2020 10:28:06 GMT	2026-09-25T23:15:08+05:30	12		0.0	0.0	0.0		
jusr1	10	Urdu	Sab Rang	https://ncert.nic.in/textbook/pdf/jusr1ps.pdf	200	3346460	a76523bf7be69f8f68d4648887de11df27ab2a904fcfe1b08820ab0da88d6c3e	Sun, 05 Jul 2020 10:28:07 GMT	2026-09-25T23:15:09+05:30	12		1.0	0.0	0.0		
jehp1	10	Health and Physical Education	Health and Physical Education	https://ncert.nic.in/textbook/pdf/jehp1ps.pdf	200	1025946	f8049325d8254a3544842e9b821600a4ec2a92e98dbcb85c6c699401d821e899	Fri, 27 Mar 2026 09:59:08 GMT	2026-09-25T23:15:09+05:30	12	11	1.0	0.0	0.0	2026-27	August 2020
khsk1	11	Sanskrit	Bhaswati	https://ncert.nic.in/textbook/pdf/khsk1ps.pdf	200	3272543	1b6271b923ede0aaf4e1a7965a9b887044f2f9b8cf100160525a5999076c6bd9	Sat, 28 Mar 2026 06:18:30 GMT	2026-09-25T23:15:09+05:30	40		1.0	0.0	0.0	2026-27	
khsk2	11	Sanskrit	Shashwati	https://ncert.nic.in/textbook/pdf/khsk2ps.pdf	200	3694306	d7c7c937bcd035f5a12756c092429f3e984bf04534e007b47fe3fafb0e18f1a7	Sat, 28 Mar 2026 06:20:03 GMT	2026-09-25T23:15:10+05:30	40		1.0	0.0	0.0	2026-27	
keac1	11	Accountancy	Financial Accounting-I	https://ncert.nic.in/textbook/pdf/keac1ps.pdf	200	1585314	d3c29b0a46f2687a64d566438fe9f4c3d664d594693d6600d3699bd7a9f10cd1	Sat, 28 Mar 2026 08:54:54 GMT	2026-09-25T23:15:10+05:30	12	11,12	1.0	0.0	0.0	2026-27	February 2006
keac2	11	Accountancy	Accountancy-II	https://ncert.nic.in/textbook/pdf/keac2ps.pdf	200	1073117	aa21f1e136a8927e2445f3935d9a5f88bef832700d3adc2e8ed47c3debdf6865	Sat, 28 Mar 2026 09:00:27 GMT	2026-09-25T23:15:10+05:30	12	11	1.0	0.0	0.0	2026-27	February 2006
kech1	11	Chemistry	Chemistry Part-I	https://ncert.nic.in/textbook/pdf/kech1ps.pdf	200	2228753	b79907421fdc31dc49646eb5b33a303c1d5228feb2bf9fd91f138bfde40e250b	Tue, 08 Sep 2026 11:02:14 GMT	2026-09-25T23:15:11+05:30	12	9,10,11	1.0	0.0	0.0	2026-27	March 2006
kech2	11	Chemistry	Chemistry Part II	https://ncert.nic.in/textbook/pdf/kech2ps.pdf	200	1612754	01938cca738e1717912a9aab686649cdfd984b0a96c48bb9f1ab6c665fcfb846	Sat, 28 Mar 2026 10:24:34 GMT	2026-09-25T23:15:12+05:30	10	9	1.0	0.0	0.0	2026-27	March 2006
kemh1	11	Mathematics	Mathematics	https://ncert.nic.in/textbook/pdf/kemh1ps.pdf	200	1933522	cd9c1697533ef25daed84bff0c93d305978485edb88564168357ad62d983c45e	Sat, 28 Mar 2026 10:18:00 GMT	2026-09-25T23:15:11+05:30	12	9,10,11	1.0	0.0	0.0	2026-27	February 2006
kebo1	11	Biology	Biology	https://ncert.nic.in/textbook/pdf/kebo1ps.pdf	200	2951992	87f5b38b6cc9e5bcd3ac9ec1001ae157734154929fe142d136fae97a632f74d2	Sat, 28 Mar 2026 10:21:56 GMT	2026-09-25T23:15:12+05:30	12	11,12	1.0	0.0	0.0	2026-27	
kepy1	11	Psychology	Introduction to Psychology	https://ncert.nic.in/textbook/pdf/kepy1ps.pdf	200	2468176	4571972a4faa721187ac382b1b9f1f586a1125c9c4cfed514ae021b7294baac4	Sat, 28 Mar 2026 09:02:45 GMT	2026-09-25T23:15:12+05:30	16	15	1.0	0.0	0.0	2026-27	February 2006
kegy2	11	Geography	Fundamental of Physical Geography	https://ncert.nic.in/textbook/pdf/kegy2ps.pdf	200	1679226	a07396be5a6dcb415a7d49fbdf18c9e6ee0b22d9a8ead8f3d06578ea0e4f0d94	Sat, 28 Mar 2026 10:33:06 GMT	2026-09-25T23:15:13+05:30	10	9	1.0	0.0	0.0	2026-27	March 2006
kegy3	11	Geography	Pratical Work in Geography	https://ncert.nic.in/textbook/pdf/kegy3ps.pdf	200	1421280	dc59cbec6ee6a1e6e1080a9ec406e4b890d2436342f8a219f6d06b578d9f60c9	Sat, 28 Mar 2026 10:47:42 GMT	2026-09-25T23:15:13+05:30	12	11	1.0	0.0	0.0		June 2006
kegy1	11	Geography	India Physical Environment	https://ncert.nic.in/textbook/pdf/kegy1ps.pdf	200	1743717	4406ed62316c38d12ec4c5e5832e12fbaad7dab4e30e0b9885d64c7a5a75e143	Sat, 28 Mar 2026 10:44:52 GMT	2026-09-25T23:15:13+05:30	12	11	1.0	0.0	0.0		March 2006
keph1	11	Physics	Physics Part-I	https://ncert.nic.in/textbook/pdf/keph1ps.pdf	200	1890608	b06cce4e3d6c4c150869bd4f6221ed5aa86bb0ff1725e4effcd2615e85ff5782	Mon, 06 Jul 2026 11:05:18 GMT	2026-09-25T23:15:16+05:30	16	13,14	1.0	0.0	0.0	2026-27	
keph2	11	Physics	Physics Part-II	https://ncert.nic.in/textbook/pdf/keph2ps.pdf	200	1443978	75b36508385f54afb66906cc52d871325802d156535c102b17c1e96842298482	Mon, 06 Jul 2026 11:05:20 GMT	2026-09-25T23:15:14+05:30	16	15,16	1.0	0.0	0.0	2026-27	April 2006
khat1	11	Hindi	Antra	https://ncert.nic.in/textbook/pdf/khat1ps.pdf	200	2063900	411116e004e749c8d4223abf6a551140204b6b01a69eef29247ddff426a5de49	Sat, 28 Mar 2026 06:08:11 GMT	2026-09-25T23:15:14+05:30	16		1.0	0.0	0.0	2026-27	
khar1	11	Hindi	Aroh	https://ncert.nic.in/textbook/pdf/khar1ps.pdf	200	1587969	f148470f84274d13c36ac6227e6c5cdbd2e808a6d387d85a244371de17a5232e	Sat, 28 Mar 2026 06:04:19 GMT	2026-09-25T23:15:14+05:30	14		1.0	0.0	0.0	2026-27	
khvt1	11	Hindi	Vitan	https://ncert.nic.in/textbook/pdf/khvt1ps.pdf	200	1638118	a3972e84c3724dfd6310017c1236bba9823f5c751533b1d7f2179518d316e247	Sat, 28 Mar 2026 06:06:45 GMT	2026-09-25T23:15:15+05:30	12		1.0	0.0	0.0	2026-27	
khan1	11	Hindi	Antral	https://ncert.nic.in/textbook/pdf/khan1ps.pdf	200	2215613	973f61bbb5292e88407bf1522358258c2c4a333a7dea2f8d17c6d3c4b1089cd3	Sat, 28 Mar 2026 06:10:07 GMT	2026-09-25T23:15:15+05:30	14		1.0	0.0	0.0	2026-27	
kesy1	11	Sociology	Introducing Sociology	https://ncert.nic.in/textbook/pdf/kesy1ps.pdf	200	1300699	13704fabf9b456e70856c3c4406e34ec78398a4e88c3b222d33d8efe5aa05a68	Sat, 28 Mar 2026 08:45:52 GMT	2026-09-25T23:15:15+05:30	10	9	1.0	0.0	0.0	2026-27	March 2006
kesy2	11	Sociology	Understanding Society	https://ncert.nic.in/textbook/pdf/kesy2ps.pdf	200	1670402	c5012404ab9b2e0fabf5f56f74a9611cf946f7605f5196251c174e66a8cc9134	Sat, 28 Mar 2026 08:47:28 GMT	2026-09-25T23:15:16+05:30	14	13	1.0	0.0	0.0	2026-27	August 2006
keww1	11	English	Woven Words	https://ncert.nic.in/textbook/pdf/keww1ps.pdf	200	1253466	3309f8b7364e533491d6ddb905dee177d14682f464892cfb790db7623f55d3f0	Sat, 28 Mar 2026 06:01:25 GMT	2026-09-25T23:15:16+05:30	10	9,10	1.0	0.0	0.0	2026-27	March 2006
kehb1	11	English	Hornbill	https://ncert.nic.in/textbook/pdf/kehb1ps.pdf	200	4509569	ca733dfa70fa1d51456b8a21f6b60227ec3706de602fa7db4efb4cf698966670	Sat, 28 Mar 2026 06:11:22 GMT	2026-09-25T23:15:17+05:30	12	11,12	1.0	0.0	0.0	2026-27	February 2006
kesp1	11	English	Snapshots Suppl.Reader English	https://ncert.nic.in/textbook/pdf/kesp1ps.pdf	200	2527903	6a89dc4fff0908e25a19b3d81457a55c0a4dc0213c9e4afdf2de9c58bfccabf7	Sat, 28 Mar 2026 06:12:49 GMT	2026-09-25T23:15:17+05:30	14	13	1.0	0.0	0.0	2026-27	April 2006
keps1	11	Political Science	Political Theory	https://ncert.nic.in/textbook/pdf/keps1ps.pdf	200	1021661	41c8c0056b98e89d5bc95ed68e4c0db4816a80b1e8462d5197bd4cbf20628d0c	Sat, 28 Mar 2026 09:05:00 GMT	2026-09-25T23:15:17+05:30	12	11	1.0	0.0	0.0	2026-27	September 2006
keps2	11	Political Science	India Constitution at Work	https://ncert.nic.in/textbook/pdf/keps2ps.pdf	200	2573926	29f623e5bec9144e4614e434114006f0df68adfac7e470e6b3a8971a5c5dee08	Sat, 28 Mar 2026 08:44:09 GMT	2026-09-25T23:15:18+05:30	14	13	1.0	0.0	0.0	2026-27	March 2006
kehs1	11	History	Themes in World History	https://ncert.nic.in/textbook/pdf/kehs1ps.pdf	200	6700629	5ec8cf86c3a3c77f204be19e49714b8b4244087b5fc520ba654e27032795d824	Sat, 28 Mar 2026 10:31:22 GMT	2026-09-25T23:15:19+05:30	12	11	1.0	0.0	0.0	2026-27	March 2006
keec1	11	Economics	Indian Economic Development	https://ncert.nic.in/textbook/pdf/keec1ps.pdf	200	2343424	b9da5c87d87fdb62e1bac96847d390435bb4b4f5628f6fbf0c6e5761b3b8de73	Tue, 01 Sep 2026 10:22:26 GMT	2026-09-25T23:15:18+05:30	16	13,14	1.0	0.0	0.0	2026-27	February 2006
kest1	11	Economics	Statistics for Economics	https://ncert.nic.in/textbook/pdf/kest1ps.pdf	200	1892051	995efc097f5545c6ee90f59915a0800e92d869e94f19ebdc4239f726aac26143	Mon, 06 Jul 2026 11:05:24 GMT	2026-09-25T23:15:19+05:30	12	11	1.0	0.0	0.0	2026-27	
kebs1	11	Business Studies	Business Studies	https://ncert.nic.in/textbook/pdf/kebs1ps.pdf	200	1005516	bea38b84a79193a46db20424112ce16b1afeb09ead8a168b66bb4070df9a0d36	Sat, 28 Mar 2026 08:49:03 GMT	2026-09-25T23:15:19+05:30	10	9	1.0	0.0	0.0	2026-27	March 2006
kuna1	11	Urdu	Nai Awaz	https://ncert.nic.in/textbook/pdf/kuna1ps.pdf	200	2409345	27eff2538a37efb1953a8f1543cfcd9ae58bb37ab75db524413c2f153a5669a3	Sun, 05 Jul 2020 10:28:20 GMT	2026-09-25T23:15:19+05:30	10		1.0	0.0	0.0		
kudh1	11	Urdu	Dhanak	https://ncert.nic.in/textbook/pdf/kudh1ps.pdf	200	3842315	76ffac021dd79603ce1f59b98153b325ce7f6cd546f35609c324184b0167f111	Wed, 22 May 2019 05:29:50 GMT	2026-09-25T23:15:21+05:30	10		1.0	0.0	0.0		
kuga1	11	Urdu	Gulistan e Adab	https://ncert.nic.in/textbook/pdf/kuga1ps.pdf	200	3132128	9ac54191eefa7adf074c70e01592997634d8423515ae8c7e403d07064d6f0f6a	Mon, 10 Aug 2020 10:17:28 GMT	2026-09-25T23:15:21+05:30	16		0.0	0.0	0.0		
kuku1	11	Urdu	Khyabane Urdu	https://ncert.nic.in/textbook/pdf/kuku1ps.pdf	200	1681591	d6461a5919e45599ed6e166cb3ea23b60891aa91f50c38def8be6f2e8223a99e	Mon, 23 Apr 2018 10:01:34 GMT	2026-09-25T23:15:20+05:30	13		1.0	0.0	0.0		
kehe1	11	Home Science	Human Ecology and Family Sciences Part I	https://ncert.nic.in/textbook/pdf/kehe1ps.pdf	200	1649660	052412179595bd4fb45a4df56efe0666f044eb411dbe32654f9394671fbb733e	Sat, 28 Mar 2026 08:42:15 GMT	2026-09-25T23:15:20+05:30	14	13	1.0	0.0	0.0	2026-27	July 2009
kehe2	11	Home Science	Human Ecology and Family Sciences Part II	https://ncert.nic.in/textbook/pdf/kehe2ps.pdf	200	1603146	10573b92b00ab152bd83c2ce8bed084cef751edb6cea7c6715848371f59df374	Sat, 28 Mar 2026 09:24:54 GMT	2026-09-25T23:15:21+05:30	14	13	1.0	0.0	0.0	2026-27	August 2009
khsr1	11	Creative Writing and Translation	Srijan	https://ncert.nic.in/textbook/pdf/khsr1ps.pdf	200	3501282	589c2dcc4a012f79906d4f2946ce2959ece91eedd32e609beea63f7a85f6d934	Sat, 28 Mar 2026 06:23:53 GMT	2026-09-25T23:15:21+05:30	16		1.0	0.0	0.0	2026-27	
kucw1	11	Creative Writing and Translation	Takhleequi Jauhar	https://ncert.nic.in/textbook/pdf/kucw1ps.pdf	200	39810489	aec2da29e94a080ca1ed738dbf0be4716f60ef15c4e9fdd1982026fcdc4dfa83	Tue, 25 Jun 2019 12:05:33 GMT	2026-09-25T23:15:34+05:30	12		1.0	0.0	0.0		
kefa1	11	Fine Art	An Introduction to Indian Art Part-I	https://ncert.nic.in/textbook/pdf/kefa1ps.pdf	200	10601296	c0fb825d435709eebf151f80e9514ed47e739038aaa09c5761aad81b2da9b659	Sat, 28 Mar 2026 06:25:06 GMT	2026-09-25T23:15:26+05:30	11	11	1.0	0.0	0.0	2026-27	September 2012
keip1	11	Informatics Practices	Informatics Practices	https://ncert.nic.in/textbook/pdf/keip1ps.pdf	200	3440882	e8875d0d46f61ccf67e211cbc8d4691f977bad418b5d5b82a5c6a9e60df3f173	Sat, 28 Mar 2026 06:37:35 GMT	2026-09-25T23:15:24+05:30	10	9,10	1.0	0.0	0.0	2026-27	August 2019
kecs1	11	Computer Science	Computer Science	https://ncert.nic.in/textbook/pdf/kecs1ps.pdf	200	2424016	1d30c3264fdd351c249e57f2e704268f6e411c33739b2231e79d8ce90325227c	Sat, 28 Mar 2026 06:22:22 GMT	2026-09-25T23:15:22+05:30	12	9,10,11	1.0	0.0	0.0	2026-27	May 2019
kehp1	11	Health and Physical Education	Health and Physical Education	https://ncert.nic.in/textbook/pdf/kehp1ps.pdf	200	1394580	b0c9ca1652434f38b960c8f37ebe1295aa846f1733960f6a22224431c0e1bbdc	Sat, 28 Mar 2026 06:01:53 GMT	2026-09-25T23:15:23+05:30	10	9	1.0	0.0	0.0	2026-27	July 2020
kebt1	11	Biotechnology	Biotechnology	https://ncert.nic.in/textbook/pdf/kebt1ps.pdf	200	2202058	e6bc5668eab5717f7cda7cc82e07a6bcf01471440dd3ac2fd3a29700a4aba14f	Sat, 28 Mar 2026 06:39:16 GMT	2026-09-25T23:15:24+05:30	12	9,10,11	1.0	0.0	0.0	2026-27	October 2019
khtp1	11	Sangeet	Tabla evam Pakhawaj	https://ncert.nic.in/textbook/pdf/khtp1ps.pdf	200	4168719	b309c50ecec582c670f43a7b6f3b687c2dac23d4b24a73f3050999bb94e1b00d	Sat, 28 Mar 2026 06:42:26 GMT	2026-09-25T23:15:25+05:30	22	21	0.05	0.95	0.0	2026-27	
khgv1	11	Sangeet	Hindustani Sangeet Gayan Evam Vadan	https://ncert.nic.in/textbook/pdf/khgv1ps.pdf	200	3846258	acc17c6ef798b0f827f120658de549d82b91c2e11f195c117b2e2c163418e3f4	Sat, 28 Mar 2026 06:43:08 GMT	2026-09-25T23:15:25+05:30	24		0.008	0.992	0.0	2026-27	
keks1	11	Knowledge Traditions Practices of India	Knowledge Traditions Practices of India	https://ncert.nic.in/textbook/pdf/keks1ps.pdf	200	2420746	c330045a969d92d5080e39023a728b45e58fb55f4e7290e08980f584957ba2c5	Sat, 28 Mar 2026 06:40:28 GMT	2026-09-25T23:15:26+05:30	14	13	0.989	0.011	0.0	2026-27	October 2020
lemh1	12	Mathematics	Mathematics Part-I	https://ncert.nic.in/textbook/pdf/lemh1ps.pdf	200	1975316	96441eb9592091d45369a43aa9f9de8d4a439cf95eaac28baf1a04372feaba65	Fri, 27 Mar 2026 07:14:33 GMT	2026-09-25T23:15:26+05:30	12	11,12	1.0	0.0	0.0	2026-27	November 2006
lemh2	12	Mathematics	Mathematics Part-II	https://ncert.nic.in/textbook/pdf/lemh2ps.pdf	200	1969919	288843e5359d15b4bcd559392f7f28a8f8dc5592b7cd3213cbf70255729a202a	Fri, 27 Mar 2026 07:16:23 GMT	2026-09-25T23:15:28+05:30	14	13,14	1.0	0.0	0.0	2026-27	January 2007
leph1	12	Physics	Physics Part-I	https://ncert.nic.in/textbook/pdf/leph1ps.pdf	200	2611580	66bceeb91660d27a8c280dd7087daa874ffe2745b2905ee517ac6cbc67d5273b	Fri, 27 Mar 2026 11:09:32 GMT	2026-09-25T23:15:31+05:30	16	13,14,15	1.0	0.0	0.0	2026-27	December 2006
leph2	12	Physics	Physics Part-II	https://ncert.nic.in/textbook/pdf/leph2ps.pdf	200	1718367	ec55ddcdc76286a233424784c52294f4352ff41a1e34846f6b8182c0145ff247	Fri, 27 Mar 2026 11:13:08 GMT	2026-09-25T23:15:27+05:30	18	15,16	1.0	0.0	0.0		March 2007
leac1	12	Accountancy	Accountancy-I	https://ncert.nic.in/textbook/pdf/leac1ps.pdf	200	2116295	71fe814b1146fd1dea3ea76d7206ba726f77adfc52c613d54edb951cc8a87926	Fri, 27 Mar 2026 10:38:54 GMT	2026-09-25T23:15:28+05:30	10	9,10	1.0	0.0	0.0	2026-27	January 2007
leac2	12	Accountancy	Accountancy Part-II	https://ncert.nic.in/textbook/pdf/leac2ps.pdf	200	1684905	63448d97dfb11a90dce883bfef42c35ea06a8906c5f69fe7610937e709e36a40	Sat, 28 Mar 2026 05:02:35 GMT	2026-09-25T23:15:29+05:30	10	9,10	1.0	0.0	0.0	2026-27	March 2007
leca1	12	Accountancy	Computerised Accounting System	https://ncert.nic.in/textbook/pdf/leca1ps.pdf	200	937002	c7b26f211ad50cd2539f762a4f6337267332b4e07dd60dbdd4cb107ba8a7309a	Sat, 28 Mar 2026 04:59:18 GMT	2026-09-25T23:15:29+05:30	12	11	1.0	0.0	0.0	2026-27	January 2010
lhsk1	12	Sanskrit	Bhaswati	https://ncert.nic.in/textbook/pdf/lhsk1ps.pdf	200	1298086	49a335dc3b834162a27ebd1ba8fbd9fd83b18faa6e33c55992f3bbce879eb607	Fri, 27 Mar 2026 09:30:26 GMT	2026-09-25T23:15:29+05:30	16		1.0	0.0	0.0	2026-27	
lhsk2	12	Sanskrit	Shaswati	https://ncert.nic.in/textbook/pdf/lhsk2ps.pdf	200	1469301	9c72158e907cc9844eb192a3eadaea55e4353fd74fab756051f7092a0fc055e5	Fri, 27 Mar 2026 08:54:31 GMT	2026-09-25T23:15:29+05:30	18		1.0	0.0	0.0	2026-27	
lhat1	12	Hindi	Antra	https://ncert.nic.in/textbook/pdf/lhat1ps.pdf	200	1479940	3e42ad1871da25ae0a31ca9bb37b3918ccdbafce10e0df315aa70b5564789856	Tue, 08 Apr 2025 04:34:35 GMT	2026-09-25T23:15:30+05:30	16		1.0	0.0	0.0	2025-26	
lhar1	12	Hindi	Aroh	https://ncert.nic.in/textbook/pdf/lhar1ps.pdf	200	1985781	3697b6248c0b9f824a7f11607a09dac3abdf07cffc178b2750657dcdc17f3238	Fri, 27 Mar 2026 06:42:45 GMT	2026-09-25T23:15:30+05:30	12		1.0	0.0	0.0	2026-27	
lhvt1	12	Hindi	Vitan	https://ncert.nic.in/textbook/pdf/lhvt1ps.pdf	200	3806743	99d82b8e00d6e8746e614874f6e7b2c18f59e03864929ce5d0b154e249614c8c	Fri, 27 Mar 2026 08:45:21 GMT	2026-09-25T23:15:31+05:30	14		1.0	0.0	0.0	2026-27	
lhan1	12	Hindi	Antral Bhag 2	https://ncert.nic.in/textbook/pdf/lhan1ps.pdf	200	2079602	ceec33fdfe2a0a81d2258510be4880fe510e9af2fec56ded7933ee5c88832367	Fri, 27 Mar 2026 06:51:48 GMT	2026-09-25T23:15:31+05:30	12		1.0	0.0	0.0	2026-27	
lekl1	12	English	Kaliedoscope	https://ncert.nic.in/textbook/pdf/lekl1ps.pdf	200	1289867	6a7cb5b8c68140aa4616b51581ab1a8ec11cb5559720b45b58c080ec0d95c1da	Fri, 27 Mar 2026 07:05:41 GMT	2026-09-25T23:15:32+05:30	10	9,10	1.0	0.0	0.0	2026-27	February 2007
lefl1	12	English	Flamingo	https://ncert.nic.in/textbook/pdf/lefl1ps.pdf	200	1989663	cab54ed1146d4aed5c65240ebf081659e5a096ab55344c2fe08403336c09a66e	Mon, 06 Jul 2026 11:05:24 GMT	2026-09-25T23:15:33+05:30	14	13	1.0	0.0	0.0	2026-27	January 2007
levt1	12	English	Vistas	https://ncert.nic.in/textbook/pdf/levt1ps.pdf	200	4159684	975ed2ac27161e0e1e6295d5f2cee80ef8dd6851f160609503c193375773ab07	Fri, 27 Mar 2026 07:02:02 GMT	2026-09-25T23:15:32+05:30	12	11	1.0	0.0	0.0		April 2007
lebo1	12	Biology	Biology	https://ncert.nic.in/textbook/pdf/lebo1ps.pdf	200	573875	22804a9f4df81466593bf0fec0ff9f521b12a55887e32fb46340e528728ac771	Fri, 27 Mar 2026 09:01:42 GMT	2026-09-25T23:15:32+05:30	12	11,12	1.0	0.0	0.0	2026-27	December 2006
lehs1	12	History	Themes in Indian History-I	https://ncert.nic.in/textbook/pdf/lehs1ps.pdf	200	2258845	596e824c434a956103db4c50aa9313fcf40ac3e6c579848e61204f8c9c9c27ed	Mon, 06 Jul 2026 11:05:26 GMT	2026-09-25T23:15:34+05:30	14	11,12	1.0	0.0	0.0	2026-27	January 2007
lehs2	12	History	Themes in Indian History-II	https://ncert.nic.in/textbook/pdf/lehs2ps.pdf	200	7210704	3b48ddd67f66a77aba801255e648a171c49705bd0033a99351e7096aee3991ae	Fri, 27 Mar 2026 11:33:56 GMT	2026-09-25T23:15:41+05:30	16	13	1.0	0.0	0.0	2026-27	May 2007
lehs3	12	History	Themes in Indian History-III	https://ncert.nic.in/textbook/pdf/lehs3ps.pdf	200	2427559	71aea2618641c3dce3d67211cf31095cf1070f1edafc994635dcfa70e6d7e0b7	Sat, 28 Mar 2026 04:55:40 GMT	2026-09-25T23:15:34+05:30	14	11	1.0	0.0	0.0	2026-27	July 2007
legy1	12	Geography	Fundamentals of Human Geography	https://ncert.nic.in/textbook/pdf/legy1ps.pdf	200	1715803	21b79d98fc8da938ede38f3cf806f71fc98b03cd13b638922f93f63c1eaa5326	Mon, 13 Jul 2026 05:27:42 GMT	2026-09-25T23:15:34+05:30	10	9	1.0	0.0	0.0	2026-27	February 2007
legy3	12	Geography	Practical Work in Geography Part II	https://ncert.nic.in/textbook/pdf/legy3ps.pdf	200	1828900	5dfc77ad4f0fbb6b01722b30030fc69b3b0c8fcb66b2d1228ae81ec86cdc0dfc	Sat, 28 Mar 2026 04:34:42 GMT	2026-09-25T23:15:34+05:30	12	11	1.0	0.0	0.0	2026-27	February 2007
legy2	12	Geography	India -People And Economy	https://ncert.nic.in/textbook/pdf/legy2ps.pdf	200	1670270	d2d6236684a3709e48e24ae04308d375e3dca2bc4d22e2e7d277fa1425a77c67	Sat, 28 Mar 2026 04:19:07 GMT	2026-09-25T23:15:35+05:30	10	9	1.0	0.0	0.0	2026-27	February 2007
lepy1	12	Psychology	Psychology	https://ncert.nic.in/textbook/pdf/lepy1ps.pdf	200	2849227	9f9a97f2c4fd07adf9d98ade4c809103640f80714c1119ca7145b561b6c9e504	Sat, 28 Mar 2026 04:49:25 GMT	2026-09-25T23:15:35+05:30	16	15	1.0	0.0	0.0	2026-27	January 2007
lesy1	12	Sociology	Indian Society	https://ncert.nic.in/textbook/pdf/lesy1ps.pdf	200	3015565	e00527fff99cf486f7e1644675928fc6512d5d18e9125ae0738d5496161603d9	Fri, 27 Mar 2026 10:24:41 GMT	2026-09-25T23:15:35+05:30	14	13	1.0	0.0	0.0	2026-27	January 2007
lesy2	12	Sociology	Social Change and Development in India	https://ncert.nic.in/textbook/pdf/lesy2ps.pdf	200	3729723	b5186946d96d8aa877e64ad6436037293ad025a3715c667e0b3713ced4e8a69b	Fri, 27 Mar 2026 10:20:27 GMT	2026-09-25T23:15:40+05:30	14	13	1.0	0.0	0.0	2026-27	April 2007
lech1	12	Chemistry	Chemistry-I	https://ncert.nic.in/textbook/pdf/lech1ps.pdf	200	2854404	4ee7d6795559fc185f092a5f39431420d4f45aacddbe95dfa84d79056750b3d5	Sat, 28 Mar 2026 07:01:56 GMT	2026-09-25T23:15:36+05:30	14	13,14	1.0	0.0	0.0	2026-27	January 2007
lech2	12	Chemistry	Chemistry-II	https://ncert.nic.in/textbook/pdf/lech2ps.pdf	200	2388903	cced7943f47e78ef4abe798243021a46a02c39a5eff719b534cd153377fd9e58	Sat, 28 Mar 2026 06:58:59 GMT	2026-09-25T23:15:36+05:30	14	13,14	1.0	0.0	0.0	2026-27	April 2007
leps1	12	Political Science	Contemporary World Politics	https://ncert.nic.in/textbook/pdf/leps1ps.pdf	200	2301858	0749bdc9f915db1305dbbde199652de97669ebcd16f4487dd9b0af6a68731359	Fri, 27 Mar 2026 09:53:54 GMT	2026-09-25T23:15:37+05:30	12	11	1.0	0.0	0.0	2026-27	February 2007
leps2	12	Political Science	Politics in India Since Independence	https://ncert.nic.in/textbook/pdf/leps2ps.pdf	200	1311373	31de8c6ba88b699b3f493e1befef126e99c35c2caa24f671f55dfc77f6e9ded0	Sat, 28 Mar 2026 05:59:28 GMT	2026-09-25T23:15:37+05:30	13	13	1.0	0.0	0.0	2026-27	June 2007
leec2	12	Economics	Introductory Microeconomics	https://ncert.nic.in/textbook/pdf/leec2ps.pdf	200	2071475	1ae027d2b1529ae1c71d6c51ff4fc73499cb039e4b67ca3ed3ca83c1e8bce317	Mon, 13 Jul 2026 05:28:32 GMT	2026-09-25T23:15:37+05:30	10	9,10	1.0	0.0	0.0	2026-27	February 2007
leec1	12	Economics	Introductory Macroeconomics	https://ncert.nic.in/textbook/pdf/leec1ps.pdf	200	1569596	8c2e6d9ab5e92d0f56cbf0fb9657bb8c2282bb7a655e33b4ffcf79170ff7f9dc	Fri, 27 Mar 2026 09:41:54 GMT	2026-09-25T23:15:37+05:30	10	9,10	1.0	0.0	0.0	2026-27	March 2007
lebs1	12	Business Studies	Business Studies-I	https://ncert.nic.in/textbook/pdf/lebs1ps.pdf	200	2851720	04fffa6d71c1b2bc91d632053ad95458cd27780f6422ef03a4d07aa8e8fba487	Fri, 27 Mar 2026 10:30:30 GMT	2026-09-25T23:15:38+05:30	10	9	1.0	0.0	0.0	2026-27	May 2007
lebs2	12	Business Studies	Business Studies-II	https://ncert.nic.in/textbook/pdf/lebs2ps.pdf	200	2681633	d81db7715190477b6829a86dbfa565967b8e4a887bd86dbcf560be8d8748e1c6	Fri, 27 Mar 2026 10:32:50 GMT	2026-09-25T23:15:39+05:30	10	9	1.0	0.0	0.0		May 2007
lehe1	12	Home Science	Human Ecology and Family Sciences Part I	https://ncert.nic.in/textbook/pdf/lehe1ps.pdf	200	3099059	eb1daf58503c3de00157b25a2fc6b15b7f689a853abd95de9d682ac9099bcd07	Sat, 28 Mar 2026 05:27:37 GMT	2026-09-25T23:15:39+05:30	24	23	1.0	0.0	0.0	2026-27	March 2016
lehe2	12	Home Science	Human Ecology and Family Sciences Part II	https://ncert.nic.in/textbook/pdf/lehe2ps.pdf	200	3016974	5120dd8cf4dbc5fca46ba7346206c6efb5b6c45c7c06fd1cc463df78385bb82d	Sat, 28 Mar 2026 05:29:25 GMT	2026-09-25T23:15:39+05:30	24	23	1.0	0.0	0.0	2026-27	April 2016
lehh1	12	Home Science	Manav Paristhitik avam Parivar Vigyan Bhag 1	https://ncert.nic.in/textbook/pdf/lehh1ps.pdf	200	1743321	9ae26170da12a99b749835c5a268de94141122f00a2eb121781176dce5445759	Sat, 28 Mar 2026 05:38:10 GMT	2026-09-25T23:15:40+05:30	14	13,14	0.071	0.929	0.0	2026-27	
lehh2	12	Home Science	Manav Paristhitiki avam Parivar Vigyan Bhag 2	https://ncert.nic.in/textbook/pdf/lehh2ps.pdf	200	1743590	6ff9c84a6c2176d84c87ba9426703303a79065a093c27241f35d5e46b2982052	Sat, 28 Mar 2026 05:40:04 GMT	2026-09-25T23:15:40+05:30	14	13,14	0.068	0.932	0.0	2026-27	
luga1	12	Urdu	Gulistan-e- Adab	https://ncert.nic.in/textbook/pdf/luga1ps.pdf	200	2750752	5a09915606fda982e0006ac9fc9d221f0fc96fc9548c59c464de1eb65b678d0d	Tue, 21 May 2019 08:40:00 GMT	2026-09-25T23:15:41+05:30	14		1.0	0.0	0.0		
luku1	12	Urdu	Khayaban-e-Urdu	https://ncert.nic.in/textbook/pdf/luku1ps.pdf	200	1782502	e1bf8943d6a2a0acce6f088a30f360ba141e7161ac15e7db167448f26459f656	Sun, 05 Jul 2020 10:28:25 GMT	2026-09-25T23:15:41+05:30	12		1.0	0.0	0.0		
luna1	12	Urdu	Nai Awaz	https://ncert.nic.in/textbook/pdf/luna1ps.pdf	200	2415109	ae0c282d09a9ca7c3b829ff2095783dd0c37a62663ebddd292466b3160c719e8	Sun, 05 Jul 2020 10:28:51 GMT	2026-09-25T23:15:42+05:30	10		1.0	0.0	0.0		
ludh1	12	Urdu	Dhanak	https://ncert.nic.in/textbook/pdf/ludh1ps.pdf	200	2228193	e98cad54a49cd60a6f6256e9258247ed9548b9064baafe3991a4a0b1803d256b	Wed, 22 May 2019 04:52:40 GMT	2026-09-25T23:15:41+05:30	10		1.0	0.0	0.0		
lucw1	12	Creative Writing & Translation	Takhleequi Jauhar	https://ncert.nic.in/textbook/pdf/lucw1ps.pdf	200	56593265	fabc614b0362befa055c95d45c1bfd2297805a1481c44742260cb582219a31da	Thu, 13 Aug 2020 10:15:56 GMT	2026-09-25T23:15:57+05:30	12		1.0	0.0	0.0		
khsr2	12	Creative Writing & Translation	Srijan-II	https://ncert.nic.in/textbook/pdf/khsr2ps.pdf	200	12982890	62f62f17e479f80e0f3f50ff1cd1f15eb55ec21548a0a0ef1cf9624d228c003e	Sat, 28 Mar 2026 05:52:39 GMT	2026-09-25T23:15:45+05:30	18		1.0	0.0	0.0	2026-27	
lefa1	12	Fine Art	An Introduction to Indian Art Part-II	https://ncert.nic.in/textbook/pdf/lefa1ps.pdf	200	3943053	e2f9976261e0a8a82ddb081ddb05674b1dad2dd58c82bfecd2b21223cf9454b8	Sat, 28 Mar 2026 05:32:49 GMT	2026-09-25T23:15:44+05:30	12	11	1.0	0.0	0.0	2026-27	August 2020
lecs1	12	Computer Science	Computer Science	https://ncert.nic.in/textbook/pdf/lecs1ps.pdf	200	1359494	81e004d02e9d14265377788799cbe3b8c073ab6e8796c891164d4f74e3994e0c	Sat, 28 Mar 2026 05:21:42 GMT	2026-09-25T23:15:44+05:30	12	9,10,11	1.0	0.0	0.0	2026-27	September 2020
leip1	12	Informatics Practices	Informatics Practices	https://ncert.nic.in/textbook/pdf/leip1ps.pdf	200	1602774	d2aeba686019aefd904193589694dd7b197dd8dd3c98945c88cef7a320402507	Sat, 28 Mar 2026 05:47:32 GMT	2026-09-25T23:15:45+05:30	10	9,10	1.0	0.0	0.0	2026-27	December 2020
lebt1	12	Biotechnology	Biotechnology	https://ncert.nic.in/textbook/pdf/lebt1ps.pdf	200	1676207	663586de91d4a67e405e2ea433dba447562707aa35972f938c21b76b55405d6a	Thu, 08 May 2025 12:05:44 GMT	2026-09-25T23:15:45+05:30	14	11,12,13	1.0	0.0	0.0	2025-26	February 2023
lstp1	12	Sangeet	Tabla evam Pakhawaj	https://ncert.nic.in/textbook/pdf/lstp1ps.pdf	200	10130230	0768b2bc16f261fff0e0fd67dc56fa4892441b07e6dadf54637421933c5d9a43	Thu, 08 May 2025 12:05:17 GMT	2026-09-25T23:15:47+05:30	26	25	0.033	0.967	0.0	2025-26	
lsgv1	12	Sangeet	Hindustani Sangeet Gayan Evam Vaadan	https://ncert.nic.in/textbook/pdf/lsgv1ps.pdf	200	4319375	103c439b79cb1c75886e1b0086a15250e183c700854b8fdc16186af910da5c94	Fri, 02 May 2025 09:30:10 GMT	2026-09-25T23:15:47+05:30	34		0.008	0.992	0.0	2025-26	
kham1	13	Hindi	Abhivyakti Aur Madhyam	https://ncert.nic.in/textbook/pdf/kham1ps.pdf	200	1257975	1c3708e72fac3bc473b22c945ecc04e400d0669c3663741b0ee75080ad655d02	Tue, 29 Apr 2025 06:15:20 GMT	2026-09-25T23:15:47+05:30	12		1.0	0.0	0.0	2025-26	
klss1	13	Sanskrit	Sanskrit Sahitya parichay	https://ncert.nic.in/textbook/pdf/klss1ps.pdf	200	2003070	1b8b80ef2cc12f75cea98e5749e13557b4e77495a8950e02a1fea67fc104befa	Sat, 28 Mar 2026 09:07:49 GMT	2026-09-25T23:15:48+05:30	14	13	0.084	0.916	0.0	2026-27	
kuza1	13	Urdu	Zuban-O-Adab ki Tareekh	https://ncert.nic.in/textbook/pdf/kuza1ps.pdf	200	7256916	96bb9d451e793aa4d0e94848941deeb1906237ab62c280121da29e502e3b8810	Thu, 13 Aug 2020 10:01:53 GMT	2026-09-25T23:15:49+05:30	12		1.0	0.0	0.0		
juuq1	13	Urdu	Urdu Qwaid aur Insha	https://ncert.nic.in/textbook/pdf/juuq1ps.pdf	200	5506399	dea47d4e6530cb24aa48402557d02e2a73a47f3cba1b32979a31764b53ee1098	Sun, 05 Jul 2020 10:28:03 GMT	2026-09-25T23:15:50+05:30	12		0.0	0.0	0.0		
kuiz1	13	Urdu	Izhar Aur Zara-e-Izhar	https://ncert.nic.in/textbook/pdf/kuiz1ps.pdf	200	13356043	92a1a82789b0e2c82cbecc697fededebdbcaa857afe1f6ffb97ee446a3845441	Thu, 26 May 2022 09:50:35 GMT	2026-09-25T23:15:51+05:30	12		1.0	0.0	0.0		
